1,3,6,2,Welcoming everyone to this event,2017-07-25 12:00:00,2017-08-06 18:00:00,"Bharadwaj Street, East Tambaram, Tambaram, East Tambaram, Tambaram, Chennai, Tamil Nadu 600059, India",1,5b42403335633036626334,0,1,2017-07-24 18:23:19,1,2017-07-24 18:23:19,A welcome Meet,1
2,4,8,3,Welcome to Fitness,2017-07-25 18:00:00,2017-08-10 05:00:00,"Tambaram Railway Bridge, West Tambaram, Tambaram, Chennai, Tamil Nadu 600045, India",0,5b42403231356263616164,0,1,2017-07-24 18:41:33,1,2017-07-24 18:41:33,The Healthy tips,1
3,1,6,4,Click and pick,2017-07-31 06:00:00,2017-08-11 17:00:00,"Rajaji Rd, West Tambaram, Chromepet, Chennai, Tamil Nadu 600044, India",1,5b42403161613433316532,0,5,2017-07-24 18:47:49,5,2017-07-24 18:47:49,PhotoGallery,5
4,3,6,5,Hello talents !,2017-07-30 00:00:00,2017-08-15 17:00:00,"Pallavaram, Chennai, Tamil Nadu, India",1,5b42403135653834393733,0,5,2017-07-24 18:54:51,5,2017-07-24 18:54:51,A Fresh Start,5
5,3,1,6,Hello world,2017-07-30 18:00:00,2017-08-09 19:00:00,"Christ King St, Leela Colony, East Tambaram, Tambaram, Chennai, Tamil Nadu 600059, India",1,5b42403163336138303330,0,9,2017-07-24 19:32:27,9,2017-07-24 19:32:27,Just Java,9
6,1,1,6,hello no they to,2017-07-29 11:00:00,2017-08-03 11:00:00,"Christ King St, Leela Colony, East Tambaram, Tambaram, Chennai, Tamil Nadu 600059, India",1,5b42403264313736346139,0,8,2017-07-24 21:37:09,8,2017-07-24 21:37:09,yes i an,8
7,3,6,7,be aware,2017-07-25 12:45:00,2017-07-25 13:00:00,"Vanasakthi Nagar, Kolathur, Vanasakthi Nagar, Lakshmipuram, Chennai, Tamil Nadu 600099, India",1,5b42403137353738613265,0,1,2017-07-25 12:41:32,1,2017-07-25 12:41:32,First ,1
8,1,6,7,hiii,2017-07-25 13:00:00,2017-07-25 13:14:00,"Vanasakthi Nagar, Kolathur, Vanasakthi Nagar, Lakshmipuram, Chennai, Tamil Nadu 600099, India",1,5b42403239663430396366,0,1,2017-07-25 12:50:43,1,2017-07-25 12:50:43,Time to check,1
9,4,12,7,hello,2017-07-25 15:05:00,2017-07-25 15:30:00,"Vanasakthi Nagar, Kolathur, Vanasakthi Nagar, Lakshmipuram, Chennai, Tamil Nadu 600099, India",1,5b42403163666636663563,0,6,2017-07-25 15:00:54,6,2017-07-25 15:00:54,Hello,6
10,2,12,7,Hello Tamil,2017-07-25 15:15:00,2017-07-25 15:30:00,"Vanasakthi Nagar, Kolathur, Vanasakthi Nagar, Lakshmipuram, Chennai, Tamil Nadu 600099, India",1,5b42403239643861323635,0,1,2017-07-25 15:04:26,1,2017-07-25 15:04:26,Mentorship,1
